,accuracy,powerConsumed,installCost,noOfSens
2,3.419706425290484,29.400000000000002,25.0,31
1,2.7037733914233293,58.800000000000004,50.0,32
4,1.988038107651815,88.2,75.0,33
3,1.2906922658810633,117.60000000000001,100.0,34
0,0.640789668023993,147.0,125.0,35
