,ACPower,lightPower,appPower,temperature,humidity,lux
0,-1000.0,0.42572164666161827,0.5763025316511486,0.15732395601475882,0.7733035536380597,0.35594235556322457
1,0.2874878648140948,-1000.0,0.4682775908962909,0.17799577499989566,0.6317004827808899,0.029817630945060295
2,0.4163386370931179,0.26049906898963304,-1000.0,0.32654563884189675,0.8315447301209928,0.2127788287704418
3,0.21789440133227345,0.24501105223245162,0.5480493644227936,-1000.0,0.4754253327644488,0.17480513170363446
4,0.7697105335620615,0.6887983659414167,0.7798024929088155,0.6966136205796963,-1000.0,0.7024257515222078
5,0.32515529836074797,0.02679351887543163,0.5053692177159833,0.15368169160204093,0.8190035469715192,-1000.0
