,ACPower,lightPower,appPower,temperature,humidity,lux
0,-1000.0,0.6689116948222361,0.33811804791211497,0.25378568271292234,0.6904893308360411,0.6679677460796761
1,0.480783591396971,-1000.0,0.18467064131695507,0.39865347780812005,0.41308678852975333,0.08632277143066168
2,0.38613313207713,0.08609016003027767,-1000.0,0.2237246992411101,0.3498363998084192,0.1764914289450995
3,0.26716787612848414,0.45510544017899573,0.22575258735962744,-1000.0,0.3980409220614486,0.47037026018889755
4,0.501124067642683,0.356490951386459,0.3197092179889594,0.43487152619198344,-1000.0,0.39009001185732856
5,0.5351352458674113,0.1378273437958597,0.27481081979680916,0.3914364799414241,0.4551927583518897,-1000.0
