,ACPower,lightPower,appPower,temperature,humidity,lux
0,-1000.0,0.6475281647082877,0.4470244400580618,0.20158613761365657,0.9523605241857392,0.6610568983693652
1,0.19123560569527265,-1000.0,0.0790383295456304,0.052402767437987344,0.2761500182319653,0.017708161083496207
2,0.5017678959638259,0.06878591270175058,-1000.0,0.22704416556017076,0.6085270563012757,0.1383637506700361
3,0.17977732423228215,0.1411452383253935,0.10860661819130246,-1000.0,0.4503111559161689,0.2123587610347119
4,0.23523939508407118,0.1597280028904731,0.25290197115692653,0.23641044380917456,-1000.0,0.1549036188265274
5,0.5686389035052097,0.057847510740391656,0.14208141235524824,0.1282793454350859,0.43187669742057744,-1000.0
