,ACPower,lightPower,appPower,temperature,humidity,lux
0,-1000.0,0.433566712371026,0.3054821553991606,0.13681885056204884,0.935864398516151,0.5046173025140872
1,0.23290991236077374,-1000.0,0.056079407777209704,0.14864289867149605,0.5849200334982763,0.026186422913850437
2,0.36251005288113636,0.10283906420789943,-1000.0,0.19082458593935403,0.4100105488859297,0.13176709196733052
3,0.1570112452828979,0.284556350522671,0.16553660708590023,-1000.0,0.5359150491608813,0.3332264252101502
4,0.6247371263656651,0.5735085620977884,0.5384993346728297,0.5491501099387665,-1000.0,0.5539537931233671
5,0.30830298978149756,0.02493939210331056,0.0891323815462558,0.20237532097063574,0.6923286013976795,-1000.0
