,ACPower,lightPower,appPower,temperature,humidity,lux
0,-1000.0,0.064006727263753,0.1332260085462073,0.10726220268052575,0.3508924902265998,0.07190290896826652
1,0.061562984878875605,-1000.0,0.1253408201816586,0.08988603453132037,0.37721474571727326,0.018934882303167522
2,0.08019470196897491,0.047263056158198515,-1000.0,0.14625474784692252,0.5018867158067971,0.05112060368464526
3,0.08614501195607234,0.05985333714633982,0.18724431006649,-1000.0,0.39846060775594216,0.058322278172844494
4,0.19622137856067112,0.18082331682158848,0.2881000122562742,0.19201241911574365,-1000.0,0.16689867223838883
5,0.07994630834574029,0.04091527588940944,0.19591342031028708,0.10359874175899028,0.5019646232053001,-1000.0
