,ACPower,lightPower,appPower,temperature,humidity,lux
0,-1000.0,0.4024652073008956,0.2515591771280594,0.10144908331273549,0.48179443533278465,0.4678932094073285
1,0.3089128953016633,-1000.0,0.1755139306436185,0.181390847734198,0.5764593899408681,0.016755062280622464
2,0.32547621888177897,0.2183791650347222,-1000.0,0.1764465197030613,0.6497309954288683,0.24058220187764132
3,0.10538964302713916,0.22871735680959274,0.12577048524709564,-1000.0,0.30335374649382846,0.28028047133999046
4,0.20867094426392624,0.2805395059841762,0.28017903359113633,0.1295881787599624,-1000.0,0.3185530379519812
5,0.42739520704317485,0.061298525227290054,0.29542465696691295,0.30574732862817505,0.6982782635745729,-1000.0
