,ACPower,lightPower,appPower,temperature,humidity,lux
0,-1000.0,0.4484992799052715,0.40700298443488747,0.17567347624535756,0.6157015046598286,0.46293147217290864
1,0.33435623504471734,-1000.0,0.26594640926591334,0.17040662476992116,0.2724539620759066,0.020550736867940234
2,0.40045505683593735,0.12181950433800381,-1000.0,0.262794770984759,0.4118812462138054,0.12512440161045152
3,0.23590828958385301,0.29470315565525734,0.34542935349934656,-1000.0,0.4305041546233588,0.304253523596509
4,0.3382527958977902,0.18707768863813407,0.33801067598434575,0.31787012241049306,-1000.0,0.20249780969096368
5,0.40819904142673885,0.06322087104176348,0.3525544820752899,0.22455683536610868,0.3396404497635708,-1000.0
