,ACPower,lightPower,appPower,temperature,humidity,lux
0,-1000.0,0.5639817361372433,0.8913196890200986,0.19507045151180485,0.8266689356323416,0.5111234491597896
1,0.48211706026589546,-1000.0,0.903623252045704,0.3231092873472163,0.6003374468768702,0.00944185229182727
2,0.9433258763995276,0.9258787280633521,-1000.0,0.937866168531092,0.9716570748652948,0.9230171076419343
3,0.2568208916615983,0.3632967050771355,0.8589812045225537,-1000.0,0.5805882054179375,0.3142104405727051
4,0.47601023573661644,0.42789443854815307,0.6880687434742233,0.4061475590860405,-1000.0,0.42070516609923997
5,0.4982031012364256,0.012466482653688906,0.9331094525601215,0.20450903655772312,0.6766206667557855,-1000.0
