,ACPower,lightPower,appPower,temperature,humidity,lux
0,-1000.0,0.716955846369771,0.5248201571400214,0.20451820006293897,0.9422911759663785,0.7037783779387294
1,0.3947010137483841,-1000.0,0.15266490323585177,0.33231317474966415,0.49011943576647954,0.004139184593533524
2,0.4134358235037637,0.10310739891596066,-1000.0,0.16623445364877557,0.44311101986510765,0.10329076787376444
3,0.1228076112325607,0.25969225390724204,0.12738619609990076,-1000.0,0.4068099166228885,0.25270212329554215
4,0.2696554475541317,0.21460950192641437,0.23995174395916968,0.2814996299465476,-1000.0,0.212872285317408
5,0.6363761545865503,0.021390021937808916,0.1567130580060605,0.35555541116112843,0.7124928538364617,-1000.0
