,ACPower,lightPower,appPower,temperature,humidity,lux
0,-1000.0,0.6020617989830565,0.36513875012488595,0.20962158165119305,0.7025660529950352,0.6452975201518498
1,0.4180457013716639,-1000.0,0.2261550410158042,0.3782685994344001,0.3750920178843877,0.006028983711897835
2,0.362304797914442,0.12607985201196503,-1000.0,0.3293145500908673,0.3729049516759281,0.20407755189856788
3,0.2628555245958841,0.4522926651588744,0.3110017711152885,-1000.0,0.42514271655985475,0.4708714232588469
4,0.5009763928904365,0.25211378465401957,0.3517955378020637,0.4224587168362803,-1000.0,0.28361184978179516
5,0.5656689681128632,0.08976521864650708,0.34820504505044897,0.4106776115940229,0.5012772387296484,-1000.0
