,ACPower,lightPower,appPower,temperature,humidity,lux
0,-1000.0,0.8252800480853403,0.7113096062884249,0.28746965249531575,0.8593959782829048,0.7717944003303707
1,0.4337900684121527,-1000.0,0.12274552594008252,0.5646126989214849,0.20063138921148402,0.01974287837532999
2,0.3936273201411525,0.09446703178770562,-1000.0,0.28114097755466966,0.33050306538307017,0.09828631701359884
3,0.0651423411621093,0.2826691230717109,0.21344815175438583,-1000.0,0.2860031193078405,0.2824383108568917
4,0.2282155952499739,0.007286517059313716,0.04239610016334792,0.2538153259006095,-1000.0,0.021594551679867565
5,0.1988649820460345,0.02170906712507531,0.17868308100714733,0.22336268865592826,0.3054968009295791,-1000.0
