,ACPower,lightPower,appPower,temperature,humidity,lux
0,-1000.0,0.8775406344578386,0.5301307753692408,0.15134017987437276,0.9775350414225275,0.7396738644499844
1,0.6890424884544093,-1000.0,0.42152351688975137,0.7321366200192817,0.6343988093634284,0.2693021199351832
2,0.20614969709652756,0.260098798813245,-1000.0,0.12365342242881884,0.2613390124726927,0.043426641006381245
3,0.04524697904006777,0.4391186566666324,0.1687460610486405,-1000.0,0.4104028323174049,0.2653482207379863
4,0.1232099641417014,0.0678954096225913,0.1341750622411999,0.13558011701151926,-1000.0,0.07446976955168173
5,0.24695067856498293,0.3222419648666675,0.08224003394567388,0.08809000854170285,0.2830054990606089,-1000.0
