,ACPower,lightPower,appPower,temperature,humidity,lux
0,-1000.0,0.5577501964156528,0.4180552305371975,0.12886582714629732,0.8857388102905346,0.5105268698209865
1,0.3541790074825898,-1000.0,0.24536288504585496,0.39771610495034404,0.5841987426860704,0.012118760076541474
2,0.33147446444258266,0.07095137444762199,-1000.0,0.2713283747236492,0.5678350215906387,0.05929879316527548
3,0.09730516836334642,0.3708575259722549,0.3031609263880811,-1000.0,0.4278697481550656,0.33115222259079435
4,0.6685257083545432,0.48179322120619433,0.6090149538099118,0.540270010412235,-1000.0,0.523533672734887
5,0.2289532646277564,0.045570693201906716,0.19239647866705276,0.11337057442675957,0.7204134421073769,-1000.0
