,ACPower,lightPower,appPower,temperature,humidity,lux
0,-1000.0,0.764412142424202,0.5209341659235653,0.19965474639950226,0.6889769254132583,0.743213928899059
1,0.24547854774243041,-1000.0,0.1231107573893188,0.30615732794764683,0.24104115778116159,0.013486049815783118
2,0.24045355057860854,0.04997923793598233,-1000.0,0.10340616301708937,0.1635637495094827,0.022768927498362797
3,0.04084762835384841,0.35029193980134665,0.11091088730425386,-1000.0,0.20432914235798333,0.346946128297256
4,0.11503903847842617,0.12341901987316306,0.03324064737685012,0.05248604610470209,-1000.0,0.10970488093570879
5,0.3192793218968601,0.049293342006657324,0.2161589057680532,0.2106504008534652,0.3581523823732648,-1000.0
