,ACPower,lightPower,appPower,temperature,humidity,lux
0,-1000.0,0.5235524321939289,0.36991177164145195,0.16762729516025957,0.8361589973110367,0.5023992102930611
1,0.45932235085379186,-1000.0,0.13261805009878377,0.36952857889857,0.7635363584688715,0.029536257883618054
2,0.4998211866846659,0.06684788600762338,-1000.0,0.3312246500808627,0.8025176945490422,0.06398652122596833
3,0.3261640010006842,0.32619128592816915,0.2782312415522148,-1000.0,0.6089534677259666,0.3131989850337159
4,0.7338210369774707,0.6386547052177594,0.7255813754415014,0.6340749410251592,-1000.0,0.6546197509570671
5,0.5566312791003707,0.02990218980449913,0.2173819951567476,0.3441284317820635,0.8385708164605447,-1000.0
