,ACPower,lightPower,appPower,temperature,humidity,lux
0,-1000.0,0.10549584551975741,0.9807305167777799,0.13235975385166288,0.845776646455204,0.09571402897561322
1,0.05523661991598629,-1000.0,0.7258089200166946,0.09590730180436956,0.8138417769592751,0.014515891077067794
2,0.9971841225441185,0.9976208427252712,-1000.0,0.9978849839291483,0.9995272292880604,0.9975962924909832
3,0.08521240499165561,0.04338365874561516,0.8156068995616064,-1000.0,0.4618310885916908,0.05807839445899748
4,0.7458976514791339,0.7050123884658885,0.8727875949721703,0.7020401203858375,-1000.0,0.7018403355232664
5,0.07696812740378477,0.018961648589437986,0.9968393865373099,0.07325922594040726,0.8209202428805451,-1000.0
