,ACPower,lightPower,appPower,temperature,humidity,lux
0,-1000.0,0.5608455554952844,0.6948946980469991,0.2888272907201724,0.8953094824336575,0.31062076602569544
1,0.4329040895118851,-1000.0,0.7074247509591973,0.352659624877851,0.7169677656881402,0.09831155930834692
2,0.39962808793298116,0.24582608179262946,-1000.0,0.41619643800131234,0.7616809084228334,0.1738828820198387
3,0.21413907133343418,0.35603661659863994,0.6988342216900434,-1000.0,0.6572589329602863,0.2034432909697398
4,0.6031293333957034,0.568959498149448,0.7033107718262165,0.6589456477409059,-1000.0,0.6176004190172646
5,0.2113508947060913,0.07746392508581947,0.7333680302985189,0.24012815989804298,0.6092163463050863,-1000.0
