,ACPower,lightPower,appPower,temperature,humidity,lux
0,-1000.0,0.3269603465869053,0.4042721432768567,0.21335245912440493,0.6405946376091839,0.4264831299160247
1,0.24285240971475155,-1000.0,0.19070116141573099,0.19021354719765018,0.35744308475304726,0.019122896939249432
2,0.3817181508712733,0.1004785821104075,-1000.0,0.3743790907285162,0.5186725023675943,0.19120093995946266
3,0.2025965129422038,0.19768940676267358,0.343583151940724,-1000.0,0.40939590370596946,0.24302754300865131
4,0.37881356031885827,0.3272516694262354,0.3939211655276771,0.35403046156977364,-1000.0,0.3856927628231197
5,0.33198780228610947,0.042183154414763085,0.2992657496223362,0.18554476179118656,0.5511830896130919,-1000.0
