,ACPower,lightPower,appPower,temperature,humidity,lux
0,-1000.0,0.34568490040016886,0.5007810557851079,0.1822127645646125,0.8118762853592933,0.27279347068492654
1,0.37204849408017027,-1000.0,0.2964171166153003,0.20152316846216844,0.4597517017334165,0.015830139555474385
2,0.4891105382418455,0.09365921872699062,-1000.0,0.3502974425830321,0.5484984603801781,0.13653243591666883
3,0.31533741508727603,0.18798282890612436,0.4082019688796154,-1000.0,0.4583472546295372,0.1549951856716637
4,0.5702715468185068,0.40948360417800095,0.5781609965994124,0.4437831759713988,-1000.0,0.4335804633390258
5,0.40126053668709566,0.016882927834029466,0.32178294464238494,0.18841110525767316,0.49228564786924617,-1000.0
