,ACPower,lightPower,appPower,temperature,humidity,lux
0,-1000.0,0.18606276526394674,0.39219203494242494,0.15887717589139594,0.8070954373335638,0.6661901965091164
1,0.16838774948700225,-1000.0,0.37902153220894863,0.1394554037480323,0.7241269183399243,0.06809458222220036
2,0.4147478324572306,0.19908750142449985,-1000.0,0.287686328858978,0.9459380679280567,0.8165845181790735
3,0.18050501991417212,0.20266140154228388,0.4144182705883345,-1000.0,0.557990714328483,0.5920374870454289
4,0.7800264800621372,0.7592751212331237,0.7715998490354318,0.7839941193842915,-1000.0,0.7265108149371907
5,0.47313145295078973,0.32478805382886755,0.6118184130353465,0.4683305391302903,0.8533917968283334,-1000.0
