,ACPower,lightPower,appPower,temperature,humidity,lux
0,-1000.0,0.5005232371254813,0.27086951804429,0.1795999213306447,0.8937979083194523,0.3986889632505552
1,0.2970329547509068,-1000.0,0.17609219952237912,0.20352760630310038,0.5492603746208142,0.014126229889069529
2,0.3156713182547398,0.04366456054517914,-1000.0,0.16145873234468003,0.8087382122259126,0.0875601285031633
3,0.26566093017640136,0.19305430914013993,0.16724124682459274,-1000.0,0.6391680994497008,0.1617895735920875
4,0.691194352011968,0.596124771144552,0.6788589559744891,0.5906520427100952,-1000.0,0.6320619511651997
5,0.46192466683347455,0.06372729938937201,0.18322350449044203,0.21140462561297535,0.7974880377905633,-1000.0
