,ACPower,lightPower,appPower,temperature,humidity,lux
0,-1000.0,0.09075821602150987,0.04327514006497375,0.15681420480172786,0.7417147551576779,0.10507821229687041
1,0.06433597586765664,-1000.0,0.0139931770923159,0.10560058247994873,0.7332313701173121,0.023850186308864003
2,0.06749846906993114,0.010760826129709009,-1000.0,0.11842509939497566,0.5159996384659719,0.02894869599190376
3,0.13205873486273675,0.0695690288426892,0.07861320806399062,-1000.0,0.38788780433303227,0.11646758799538227
4,0.5710732049139126,0.6136077049950925,0.6221169835164819,0.51936664759394,-1000.0,0.6184444289793526
5,0.08469691174456632,0.02872510701168658,0.024387563449836967,0.17548008015344257,0.783534727471935,-1000.0
