,ACPower,lightPower,appPower,temperature,humidity,lux
0,-1000.0,0.4776024602196311,0.6161905556229099,0.18162498968052973,0.7660460154929871,0.540291689740454
1,0.3290644527439422,-1000.0,0.28392140255439263,0.21563449699748388,0.48330797139807175,0.05879090995403819
2,0.368025226337286,0.10953695238125603,-1000.0,0.30473593478384964,0.6179017572027767,0.2313304701917129
3,0.1994896375545985,0.31103414541565033,0.5102326773546974,-1000.0,0.33945671211400463,0.39316440904696376
4,0.5838789260207812,0.3934633490184179,0.48190258881244635,0.4062414202164347,-1000.0,0.3593423064533982
5,0.46836120380806695,0.07306050449972193,0.40070804043282016,0.35219243224576247,0.4775926927250623,-1000.0
