,accuracy,powerConsumed,installCost,noOfSens
0,0.8019620645480896,0.8043349753708899,0.8019620645480896,77
1,0.8097253539738842,0.7979164760614786,0.8097253539738842,77
