{"dynamics": "x0' = -2.693 sin(1 x0) + 2.954 cos(1 x0) + -6.022 sin(1 x1) + -1.157 cos(1 x1) + -0.215 sin(1 x2) + 0.156 cos(1 x2)\nx1' = -12.867 sin(1 x0) + -40.193 cos(1 x0) + 5.933 sin(1 x1) + 41.942 cos(1 x1) + -0.177 sin(1 x2) + 0.412 cos(1 x2)\nx2' = -3281.351 sin(1 x0) + 3116.286 cos(1 x0) + 1406.492 sin(1 x1) + -2664.408 cos(1 x1) + 157.358 sin(1 x2) + -1493.654 cos(1 x2)\n", "x0_initial": [0.611635523020613, 0.0, 1190.0], "testPerformance ": 0.0007031479181726455, "variables": ["temperature", "ACPower", "dateP"]}