{"dynamics": "x0' = -2.839 sin(1 x0) + 3.933 cos(1 x0) + -5.354 sin(1 x1) + -2.322 cos(1 x1) + -0.215 sin(1 x2) + -0.007 cos(1 x2)\nx1' = 15.952 sin(1 x0) + 32.069 cos(1 x0) + -27.187 sin(1 x1) + -28.652 cos(1 x1) + -1.644 sin(1 x2) + -1.113 cos(1 x2)\nx2' = 53.617 sin(1 x0) + 143.556 cos(1 x0) + 2.565 sin(1 x1) + 29.500 cos(1 x1) + 0.150 sin(1 x2) + 0.006 cos(1 x2)\n", "x0_initial": [0.5609709111924486, 0.0, 455.0], "testPerformance ": 0.0007672186722070448, "variables": ["temperature", "ACPower", "dateP"]}