{"dynamics": "x0' = 5.357 sin(1 x0) + 31.829 cos(1 x0) + -16.059 sin(1 x1) + -29.462 cos(1 x1) + -0.317 sin(1 x2) + 0.048 cos(1 x2)\nx1' = -51.167 sin(1 x0) + -188.828 cos(1 x0) + 59.670 sin(1 x1) + 185.828 cos(1 x1) + -0.268 sin(1 x2) + 0.732 cos(1 x2)\nx2' = -5170.123 sin(1 x0) + -4873.041 cos(1 x0) + 1950.306 sin(1 x1) + 6103.855 cos(1 x1) + 96.311 sin(1 x2) + -1500.442 cos(1 x2)\n", "x0_initial": [0.5619341167405123, 0.0, 1125.0], "testPerformance ": 0.0008011199586088017, "variables": ["temperature", "ACPower", "dateP"]}