{"dynamics": "x0' = -1.817 sin(1 x0) + 5.025 cos(1 x0) + -7.089 sin(1 x1) + -2.981 cos(1 x1) + 0.108 sin(1 x2) + -0.014 cos(1 x2)\nx1' = -12.603 sin(1 x0) + -55.064 cos(1 x0) + 12.230 sin(1 x1) + 54.851 cos(1 x1) + -0.802 sin(1 x2) + 0.699 cos(1 x2)\nx2' = 41.559 sin(1 x0) + 91.769 cos(1 x0) + 20.102 sin(1 x1) + 80.323 cos(1 x1) + 0.070 sin(1 x2) + -0.324 cos(1 x2)\n", "x0_initial": [0.1442881910999808, 0.28402032749858835, 650.0], "testPerformance ": 0.0006556927948960789, "variables": ["temperature", "ACPower", "dateP"]}