{"dynamics": "x0' = -0.630 sin(1 x0) + 14.548 cos(1 x0) + -9.883 sin(1 x1) + -12.073 cos(1 x1) + -0.346 sin(1 x2) + 0.050 cos(1 x2)\nx1' = -11.152 sin(1 x0) + -60.948 cos(1 x0) + 11.672 sin(1 x1) + 60.447 cos(1 x1) + -1.398 sin(1 x2) + 1.506 cos(1 x2)\nx2' = 42.766 sin(1 x0) + 105.493 cos(1 x0) + 17.262 sin(1 x1) + 67.098 cos(1 x1) + 0.238 sin(1 x2) + -0.268 cos(1 x2)\n", "x0_initial": [0.18243113080331358, 0.5420666290231507, 700.0], "testPerformance ": 0.00080260024045542, "variables": ["temperature", "ACPower", "dateP"]}