{"dynamics": "x0' = 2.587 sin(1 x0) + 19.416 cos(1 x0) + -9.186 sin(1 x1) + -17.709 cos(1 x1) + 0.065 sin(1 x2) + -0.297 cos(1 x2)\nx1' = -27.845 sin(1 x0) + -27.316 cos(1 x0) + -19.901 sin(1 x1) + 36.900 cos(1 x1) + 1.484 sin(1 x2) + -0.371 cos(1 x2)\nx2' = 42.241 sin(1 x0) + 117.082 cos(1 x0) + 14.932 sin(1 x1) + 56.811 cos(1 x1) + -0.080 sin(1 x2) + -0.248 cos(1 x2)\n", "x0_initial": [0.13985744557888669, 0.2930547713156409, 880.0], "testPerformance ": 0.0007280192751036862, "variables": ["temperature", "ACPower", "dateP"]}