{"dynamics": "x0' = -5.830 sin(1 x0) + -5.921 cos(1 x0) + -1.463 sin(1 x1) + 7.450 cos(1 x1) + -0.143 sin(1 x2) + -0.156 cos(1 x2)\nx1' = 17.466 sin(1 x0) + -17.004 cos(1 x0) + -24.111 sin(1 x1) + 20.765 cos(1 x1) + 0.637 sin(1 x2)\nx2' = 36.461 sin(1 x0) + 88.295 cos(1 x0) + 26.073 sin(1 x1) + 82.641 cos(1 x1) + -0.186 sin(1 x2) + -0.203 cos(1 x2)\n", "x0_initial": [0.614139857445579, 0.29700734048560135, 470.0], "testPerformance ": 0.0008909566172577987, "variables": ["temperature", "ACPower", "dateP"]}