{"dynamics": "x0' = -13.938 sin(1 x0) + -26.362 cos(1 x0) + -5.988 sin(1 x1) + 31.384 cos(1 x1) + -0.271 sin(1 x2) + -0.139 cos(1 x2)\nx1' = 26.323 sin(1 x0) + 173.214 cos(1 x0) + -39.731 sin(1 x1) + -171.536 cos(1 x1) + -0.435 sin(1 x2) + 1.046 cos(1 x2)\nx2' = 6.629 sin(1 x0) + 22.465 cos(1 x0) + 23.734 sin(1 x1) + 156.527 cos(1 x1) + -0.031 sin(1 x2) + -0.024 cos(1 x2)\n", "x0_initial": [0.17992679637834733, 0.2964426877470356, 830.0], "testPerformance ": 0.0009433995101877738, "variables": ["temperature", "ACPower", "dateP"]}