{"dynamics": "x0' = 0.505 sin(1 x0) + 58.536 cos(1 x0) + -13.672 sin(1 x1) + -56.342 cos(1 x1) + 0.278 sin(1 x2) + -0.144 cos(1 x2)\nx1' = 13.530 sin(1 x0) + -148.349 cos(1 x0) + -12.509 sin(1 x1) + 153.234 cos(1 x1) + 1.010 sin(1 x2) + -0.081 cos(1 x2)\nx2' = 29.820 sin(1 x0) + 176.416 cos(1 x0) + 0.185 sin(1 x1) + 1.117 cos(1 x1) + 0.004 sin(1 x2) + 0.007 cos(1 x2)\n", "x0_initial": [0.16913889424003117, 0.29390175042348954, 815.0], "testPerformance ": 0.001387534932301852, "variables": ["temperature", "ACPower", "dateP"]}