{"dynamics": "x0' = -1.018 sin(1 x0) + 15.113 cos(1 x0) + -10.014 sin(1 x1) + -12.753 cos(1 x1) + -0.125 sin(1 x2) + 0.036 cos(1 x2)\nx1' = -8.484 sin(1 x0) + -31.387 cos(1 x0) + -2.326 sin(1 x1) + 33.598 cos(1 x1) + -0.883 sin(1 x2) + 1.798 cos(1 x2)\nx2' = 46.718 sin(1 x0) + 132.613 cos(1 x0) + 7.848 sin(1 x1) + 40.699 cos(1 x1) + 0.028 sin(1 x2) + 0.056 cos(1 x2)\n", "x0_initial": [0.14659988441533442, 0.0282326369282891, 635.0], "testPerformance ": 0.0008686648217140677, "variables": ["temperature", "ACPower", "dateP"]}