{"dynamics": "x0' = 10.766 sin(1 x0) + 40.419 cos(1 x0) + -10.614 sin(1 x1) + -40.357 cos(1 x1) + 0.196 sin(1 x2) + -0.037 cos(1 x2)\nx1' = -82.458 sin(1 x0) + -171.699 cos(1 x0) + -0.481 sin(1 x1) + 190.368 cos(1 x1) + -1.276 sin(1 x2) + -0.076 cos(1 x2)\nx2' = 10.100 sin(1 x0) + 23.606 cos(1 x0) + 24.769 sin(1 x1) + 154.402 cos(1 x1) + 0.019 sin(1 x2) + -0.013 cos(1 x2)\n", "x0_initial": [0.1558466576767484, 0.028514963297571992, 585.0], "testPerformance ": 0.0006215540231060412, "variables": ["temperature", "ACPower", "dateP"]}