{"dynamics": "x0' = -35.828 1 + 70.205 x0 + -218.844 x1 + 0.040 x2 + 3.502 x0^2 + 205.864 x0 x1 + -0.079 x0 x2 + 416.357 x1^2 + 0.066 x1 x2\nx1' = -0.112 1 + 0.214 x0 + 929.473 x1 + -0.273 x0^2 + -903.881 x0 x1 + -1117.987 x1^2 + -0.509 x1 x2\nx2' = 180.000 1\n", "x0_initial": [0.13253708341360057, 0.2972896668548842, 945.0], "testPerformance ": -0.00767162537961726, "variables": ["temperature", "ACPower", "dateP"]}