{"dynamics": "x0' = 4.363 sin(1 x0) + 75.252 cos(1 x0) + -16.235 sin(1 x1) + -73.482 cos(1 x1) + -0.170 sin(1 x2) + -0.328 cos(1 x2)\nx1' = 150.216 sin(1 x0) + 573.598 cos(1 x0) + -135.872 sin(1 x1) + -575.862 cos(1 x1) + -0.772 sin(1 x2) + -1.602 cos(1 x2)\nx2' = 27.807 sin(1 x0) + 168.692 cos(1 x0) + 1.473 sin(1 x1) + 9.031 cos(1 x1) + -0.005 sin(1 x2) + 0.002 cos(1 x2)\n", "x0_initial": [0.1543055287998459, 0.28430265386787124, 520.0], "testPerformance ": -0.00026418506783154605, "variables": ["temperature", "ACPower", "dateP"]}