{"dynamics": "x0' = 8.030 1 + -47.901 x0 + 9.240 x1 + 0.005 x2 + 82.246 x0^2 + -12.664 x0 x1 + -0.035 x0 x2 + 11.188 x1^2 + -0.024 x1 x2\nx1' = 95.054 1 + -218.444 x0 + -281.298 x1 + -0.188 x2 + -155.439 x0^2 + 273.238 x0 x1 + 0.640 x0 x2 + -75.512 x1^2 + 0.370 x1 x2\nx2' = 250.000 1\n", "x0_initial": [0.5359275669427855, 0.0, 420.0], "testPerformance ": 0.0009455306701784405, "variables": ["temperature", "ACPower", "dateP"]}