{"dynamics": "x0' = -1.159 sin(1 x0) + 18.127 cos(1 x0) + -9.738 sin(1 x1) + -15.663 cos(1 x1) + -0.256 sin(1 x2) + -0.129 cos(1 x2)\nx1' = 11.620 sin(1 x0) + 50.523 cos(1 x0) + -35.043 sin(1 x1) + -43.368 cos(1 x1) + 0.109 sin(1 x2) + 2.364 cos(1 x2)\nx2' = 50.569 sin(1 x0) + 143.371 cos(1 x0) + 4.082 sin(1 x1) + 30.464 cos(1 x1) + -0.174 sin(1 x2) + -0.004 cos(1 x2)\n", "x0_initial": [0.5222500481602774, 0.0, 765.0], "testPerformance ": 0.0009522360865536298, "variables": ["temperature", "ACPower", "dateP"]}