{"dynamics": "x0' = -64.795 1 + 230.478 x0 + -0.004 x2 + -203.794 x0^2 + 0.006 x0 x2\nx1' = 0.000\nx2' = 278475.754 1 + -983709.230 x0 + 38.934 x2 + 813419.433 x0^2 + 21.890 x0 x2 + -0.032 x2^2\n", "x0_initial": [0.5445964168753611, 0.0, 1060.0], "testPerformance ": -0.0001221792728444878, "variables": ["temperature", "ACPower", "dateP"]}