{"dynamics": "x0' = -804.636 1 + 1932.782 x0 + 5588.761 x1 + 0.499 x2 + -837.017 x0^2 + -17261.816 x0 x1 + -0.916 x0 x2 + 41059.298 x1^2 + 5.466 x1 x2\nx1' = -34.285 1 + 78.074 x0 + -254.904 x1 + 0.018 x2 + -43.843 x0^2 + 390.569 x0 x1 + -0.024 x0 x2 + -420.567 x1^2 + 0.144 x1 x2\nx2' = -10208833.337 1 + 9410950.599 x0 + 282484731.330 x1 + 13830.407 x2 + -1622862.271 x0^2 + -156074180.392 x0 x1 + -6904.875 x0 x2 + -992776593.717 x1^2 + -215446.207 x1 x2 + -4.556 x2^2\n", "x0_initial": [0.5671354267000579, 0.0, 1075.0], "testPerformance ": -1003.2643452781466, "variables": ["temperature", "ACPower", "dateP"]}