{"dynamics": "x0' = -7.650 1 + 17.110 x0 + -65.425 x1 + 0.013 x2 + 9.166 x0^2 + 148.213 x0 x1 + -0.031 x0 x2 + -196.507 x1^2 + 0.095 x1 x2\nx1' = 407.717 1 + -643.167 x0 + -1129.631 x1 + -0.434 x2 + -151.650 x0^2 + -633.705 x0 x1 + 0.775 x0 x2 + 1042.514 x1^2 + 0.940 x1 x2\nx2' = 180.000 1\n", "x0_initial": [0.12001541128876922, 0.2868435911914173, 960.0], "testPerformance ": -0.0007057166201123918, "variables": ["temperature", "ACPower", "dateP"]}