{"dynamics": "x0' = 2.000 sin(1 x0) + 21.997 cos(1 x0) + -10.607 sin(1 x1) + -19.955 cos(1 x1) + -0.087 sin(1 x2) + -0.129 cos(1 x2)\nx1' = -19.940 sin(1 x0) + -4.945 cos(1 x0) + -23.094 sin(1 x1) + 13.526 cos(1 x1) + 0.886 sin(1 x2) + -0.450 cos(1 x2)\nx2' = 41.977 sin(1 x0) + 107.238 cos(1 x0) + 19.612 sin(1 x1) + 65.801 cos(1 x1) + 0.199 sin(1 x2) + -0.381 cos(1 x2)\n", "x0_initial": [0.1387015989212099, 0.2879728966685488, 895.0], "testPerformance ": 0.0007907936769075604, "variables": ["temperature", "ACPower", "dateP"]}