{"dynamics": "x0' = -6.975 sin(1 x0) + -9.520 cos(1 x0) + -3.787 sin(1 x1) + 11.709 cos(1 x1) + -0.072 sin(1 x2) + -0.339 cos(1 x2)\nx1' = -66.950 sin(1 x0) + -240.275 cos(1 x0) + 67.542 sin(1 x1) + 239.964 cos(1 x1) + -0.294 sin(1 x2) + -0.443 cos(1 x2)\nx2' = 16686.664 sin(1 x0) + 76849.431 cos(1 x0) + -22528.396 sin(1 x1) + -75084.341 cos(1 x1) + 67.097 sin(1 x2) + -1305.541 cos(1 x2)\n", "x0_initial": [0.5625120400693507, 0.0, 1140.0], "testPerformance ": 0.0006177817799855415, "variables": ["temperature", "ACPower", "dateP"]}