{"dynamics": "x0' = -3.754 sin(1 x0) + 13.868 cos(1 x0) + -7.489 sin(1 x1) + -11.736 cos(1 x1) + 0.030 sin(1 x2) + 0.137 cos(1 x2)\nx1' = 32.633 sin(1 x0) + 49.816 cos(1 x0) + -51.215 sin(1 x1) + -42.452 cos(1 x1) + -0.221 sin(1 x2) + 1.095 cos(1 x2)\nx2' = 48.951 sin(1 x0) + 149.248 cos(1 x0) + 3.970 sin(1 x1) + 24.914 cos(1 x1) + -0.004 sin(1 x2) + 0.138 cos(1 x2)\n", "x0_initial": [0.5180119437487959, 0.029079616036137776, 780.0], "testPerformance ": 0.0012199853108806336, "variables": ["temperature", "ACPower", "dateP"]}