{"dynamics": "x0' = 11.134 sin(1 x0) + 49.715 cos(1 x0) + -15.510 sin(1 x1) + -48.748 cos(1 x1) + 0.094 sin(1 x2) + 0.126 cos(1 x2)\nx1' = -2.556 sin(1 x0) + 21.621 cos(1 x0) + -18.658 sin(1 x1) + -17.975 cos(1 x1) + 0.330 sin(1 x2) + -0.618 cos(1 x2)\nx2' = 8.974 sin(1 x0) + 20.551 cos(1 x0) + 25.407 sin(1 x1) + 157.651 cos(1 x1) + -0.040 sin(1 x2) + 0.034 cos(1 x2)\n", "x0_initial": [0.17877094972067054, 0.2865612648221344, 600.0], "testPerformance ": 0.0005195775349826626, "variables": ["temperature", "ACPower", "dateP"]}