{"dynamics": "x0' = -5.724 sin(1 x0) + 28.537 cos(1 x0) + -8.678 sin(1 x1) + -25.844 cos(1 x1) + 0.075 sin(1 x2) + 0.112 cos(1 x2)\nx1' = -78.103 sin(1 x0) + 261.506 cos(1 x0) + -51.707 sin(1 x1) + -240.105 cos(1 x1) + 1.074 sin(1 x2) + -0.645 cos(1 x2)\nx2' = 32.523 sin(1 x0) + 178.180 cos(1 x0) + -0.481 sin(1 x1) + -1.005 cos(1 x1) + -0.006 sin(1 x2) + 0.022 cos(1 x2)\n", "x0_initial": [0.2055480639568484, 0.2811970638057595, 535.0], "testPerformance ": -0.0010015591271222979, "variables": ["temperature", "ACPower", "dateP"]}