{"dynamics": "x0' = -2.089 sin(1 x0) + 8.975 cos(1 x0) + -7.833 sin(1 x1) + -6.988 cos(1 x1) + -0.192 sin(1 x2) + 0.068 cos(1 x2)\nx1' = -5.723 sin(1 x0) + -30.620 cos(1 x0) + -0.663 sin(1 x1) + 31.889 cos(1 x1) + 1.798 sin(1 x2) + 2.428 cos(1 x2)\nx2' = 41.556 sin(1 x0) + 125.919 cos(1 x0) + 11.450 sin(1 x1) + 48.307 cos(1 x1) + -0.002 sin(1 x2) + -0.105 cos(1 x2)\n", "x0_initial": [0.29454825659795797, 0.0, 715.0], "testPerformance ": 0.0007702645231823327, "variables": ["temperature", "ACPower", "dateP"]}